文件,X尺寸_mm,Y尺寸_mm,Z尺寸_mm,推荐摆放,封闭实体,A1mini_180mm
01_Base_Left.stl,54.0,35.0,38.0,底板最大平面贴床,通过,通过
01_Base_Right.stl,54.0,35.0,38.0,底板最大平面贴床,通过,通过
02_P20_Lower_Column_Left.stl,117.38,117.38,24.0,横放并在平台内旋转45°,通过,通过
02_P20_Lower_Column_Right.stl,117.38,117.38,24.0,横放并在平台内旋转45°,通过,通过
03_Splice_Connector_Left.stl,30.0,30.0,28.0,竖直放置，开口朝上,通过,通过
03_Splice_Connector_Right.stl,30.0,30.0,28.0,竖直放置，开口朝上,通过,通过
04_P21_Upper_Column_Left.stl,121.481,121.481,20.0,横放并在平台内旋转45°，H槽局部支撑,通过,通过
04_P21_Upper_Column_Right.stl,121.481,121.481,20.0,横放并在平台内旋转45°，H槽局部支撑,通过,通过
05_P22_Left_Beam_Arm.stl,14.0,100.0,18.0,横梁长边沿平台Y方向,通过,通过
06_P23_Camera_Tray.stl,48.0,68.0,7.0,托盘底面贴床,通过,通过
07_P24_Right_Beam_Arm.stl,14.0,100.0,18.0,横梁长边沿平台Y方向,通过,通过
