frame,time_s,ball_x_px,ball_y_px,rail_left_px,rail_width_px,fraction_from_left,contrast,displacement_from_first_cm,tracking_valid,review_note
0,0.0,504,333,66,838,0.522673031026253,0.3624242424242424,0.0,1,
1,0.03333333333333333,504,333,66,838,0.522673031026253,0.3624242424242424,0.0,1,
2,0.06666666666666667,504,333,66,838,0.522673031026253,0.3624242424242424,0.0,1,
3,0.1,504,333,66,838,0.522673031026253,0.3624242424242424,0.0,1,
4,0.13333333333333333,504,333,66,838,0.522673031026253,0.3624242424242424,0.0,1,
5,0.16666666666666666,504,333,66,838,0.522673031026253,0.3624242424242424,0.0,1,
6,0.2,504,333,66,838,0.522673031026253,0.3624242424242424,0.0,1,
7,0.23333333333333334,504,333,66,838,0.522673031026253,0.3624242424242424,0.0,1,
8,0.26666666666666666,504,333,66,838,0.522673031026253,0.3624242424242424,0.0,1,
9,0.3,503,333,66,838,0.5214797136038186,0.37333333333333335,0.02983293556085842,1,
10,0.3333333333333333,503,333,66,838,0.5214797136038186,0.37333333333333335,0.02983293556085842,1,
11,0.36666666666666664,501,335,66,838,0.5190930787589498,0.3793939393939394,0.08949880668257804,1,
12,0.4,500,333,66,838,0.5178997613365155,0.3878787878787879,0.11933174224343646,1,
13,0.43333333333333335,500,334,66,838,0.5178997613365155,0.3757575757575758,0.11933174224343646,1,
14,0.4666666666666667,497,333,68,836,0.5131578947368421,0.3696969696969697,0.2378784072352702,1,
15,0.5,492,334,66,838,0.5083532219570406,0.3624242424242424,0.35799522673030937,1,
16,0.5333333333333333,492,334,66,838,0.5083532219570406,0.3624242424242424,0.35799522673030937,1,
17,0.5666666666666667,487,333,66,838,0.5023866348448688,0.31393939393939396,0.5071599045346042,1,
18,0.6,482,333,66,838,0.4964200477326969,0.326060606060606,0.6563245823389019,1,
19,0.6333333333333333,482,337,66,838,0.4964200477326969,0.32242424242424245,0.6563245823389019,1,
20,0.6666666666666666,476,334,66,838,0.4892601431980907,0.32121212121212117,0.8353221957040566,1,
21,0.7,455,336,65,839,0.464839094159714,0.3054545454545455,1.4458484216634746,1,
22,0.7333333333333333,455,336,65,839,0.464839094159714,0.3054545454545455,1.4458484216634746,1,
23,0.7666666666666667,446,333,66,838,0.45346062052505964,0.3018181818181818,1.7303102625298328,1,
24,0.8,441,333,65,839,0.44815256257449343,0.3151515151515151,1.8630117112939881,1,
25,0.8333333333333334,441,333,65,839,0.44815256257449343,0.3151515151515151,1.8630117112939881,1,
26,0.8666666666666667,431,332,64,840,0.4369047619047619,0.3103030303030303,2.1442067280372763,1,
27,0.9,425,332,64,840,0.4297619047619048,0.3127272727272727,2.3227781566087042,1,
28,0.9333333333333333,425,332,64,840,0.4297619047619048,0.3090909090909091,2.3227781566087042,1,
29,0.9666666666666667,417,335,64,840,0.42023809523809524,0.31636363636363635,2.560873394703943,1,
30,1.0,417,335,64,840,0.42023809523809524,0.31636363636363635,2.560873394703943,1,
31,1.0333333333333334,409,334,64,840,0.4107142857142857,0.3066666666666667,2.7989686327991814,1,
32,1.0666666666666667,401,334,64,840,0.4011904761904762,0.3066666666666667,3.0370638708944186,1,
33,1.1,393,334,64,840,0.39166666666666666,0.3006060606060606,3.2751591089896572,1,
34,1.1333333333333333,393,334,64,840,0.39166666666666666,0.3006060606060606,3.2751591089896572,1,
35,1.1666666666666667,377,334,64,842,0.37173396674584325,0.3248484848484849,3.7734766070102426,1,
36,1.2,377,334,63,843,0.37247924080664296,0.3248484848484849,3.7548447554902498,1,
37,1.2333333333333334,377,334,63,843,0.37247924080664296,0.3248484848484849,3.7548447554902498,1,
38,1.2666666666666666,377,334,63,843,0.37247924080664296,0.3248484848484849,3.7548447554902498,1,
39,1.3,377,334,63,843,0.37247924080664296,0.3248484848484849,3.7548447554902498,1,
40,1.3333333333333333,363,334,63,843,0.35587188612099646,0.3018181818181818,4.1700286226314125,1,
41,1.3666666666666667,357,335,63,843,0.3487544483985765,0.3078787878787879,4.347964565691911,1,
42,1.4,351,337,63,843,0.3416370106761566,0.31999999999999995,4.525900508752409,1,
43,1.4333333333333333,351,337,63,843,0.3416370106761566,0.31999999999999995,4.525900508752409,1,
44,1.4666666666666666,345,334,63,843,0.33451957295373663,0.3260606060606061,4.703836451812908,1,
45,1.5,345,334,63,843,0.33451957295373663,0.3260606060606061,4.703836451812908,1,
46,1.5333333333333334,341,336,63,843,0.32977461447212336,0.37212121212121213,4.82246041385324,1,
47,1.5666666666666667,335,332,62,845,0.3230769230769231,0.35393939393939394,4.989902698733246,1,
48,1.6,335,332,62,845,0.3230769230769231,0.35393939393939394,4.989902698733246,1,
49,1.6333333333333333,335,332,62,845,0.3230769230769231,0.35393939393939394,4.989902698733246,1,
50,1.6666666666666667,335,332,62,845,0.3230769230769231,0.35393939393939394,4.989902698733246,1,
51,1.7,333,332,62,844,0.32109004739336494,0.33575757575757575,5.0395745908222,1,
52,1.7333333333333334,333,332,62,844,0.32109004739336494,0.33575757575757575,5.0395745908222,1,
53,1.7666666666666666,333,332,62,845,0.3207100591715976,0.33575757575757575,5.049074296366383,1,
54,1.8,329,332,61,846,0.31678486997635935,0.3490909090909091,5.14720402624734,1,
55,1.8333333333333333,329,332,61,846,0.31678486997635935,0.3490909090909091,5.14720402624734,1,
56,1.8666666666666667,328,332,60,846,0.31678486997635935,0.3757575757575758,5.14720402624734,1,
57,1.9,328,332,60,846,0.31678486997635935,0.3757575757575758,5.14720402624734,1,
58,1.9333333333333333,325,338,61,845,0.31242603550295855,0.31636363636363635,5.25617488808236,1,
59,1.9666666666666666,325,336,60,846,0.3132387706855792,0.326060606060606,5.235856508516844,1,
60,2.0,324,336,60,846,0.3120567375886525,0.3236363636363636,5.2654073359400115,1,
61,2.033333333333333,324,336,60,846,0.3120567375886525,0.3236363636363636,5.2654073359400115,1,
62,2.066666666666667,326,334,60,846,0.3144208037825059,0.3575757575757576,5.206305681093676,1,
63,2.1,326,334,60,846,0.3144208037825059,0.3575757575757576,5.206305681093676,1,
64,2.1333333333333333,326,334,60,846,0.3144208037825059,0.3575757575757576,5.206305681093676,1,
65,2.1666666666666665,326,334,60,846,0.3144208037825059,0.3575757575757576,5.206305681093676,1,
66,2.2,326,334,60,846,0.3144208037825059,0.3575757575757576,5.206305681093676,1,
67,2.2333333333333334,329,333,63,842,0.3159144893111639,0.37454545454545457,5.1689635428772265,1,
68,2.2666666666666666,329,333,63,842,0.3159144893111639,0.37454545454545457,5.1689635428772265,1,
69,2.3,336,333,63,842,0.32422802850356297,0.37454545454545457,4.961125063067249,1,
70,2.3333333333333335,336,333,63,842,0.32422802850356297,0.37454545454545457,4.961125063067249,1,
71,2.3666666666666667,336,333,63,842,0.32422802850356297,0.37454545454545457,4.961125063067249,1,
72,2.4,343,333,63,843,0.33214709371293,0.3309090909090909,4.7631484328330735,1,
73,2.433333333333333,343,333,63,843,0.33214709371293,0.3309090909090909,4.7631484328330735,1,
74,2.466666666666667,353,332,61,845,0.3455621301775148,0.3624242424242424,4.427772521218454,1,
75,2.5,353,332,61,845,0.3455621301775148,0.3624242424242424,4.427772521218454,1,
76,2.533333333333333,353,332,61,845,0.3455621301775148,0.3624242424242424,4.427772521218454,1,
77,2.566666666666667,367,332,60,846,0.3628841607565012,0.3381818181818182,3.9947217567437936,1,
78,2.6,367,332,60,846,0.3628841607565012,0.3381818181818182,3.9947217567437936,1,
79,2.6333333333333333,367,332,60,846,0.3628841607565012,0.3381818181818182,3.9947217567437936,1,
80,2.6666666666666665,388,334,60,846,0.3877068557919622,0.32363636363636367,3.374154380857269,1,
81,2.7,388,334,60,846,0.3877068557919622,0.32363636363636367,3.374154380857269,1,
82,2.7333333333333334,388,334,60,846,0.3877068557919622,0.32363636363636367,3.374154380857269,1,
83,2.7666666666666666,388,334,60,846,0.3877068557919622,0.32363636363636367,3.374154380857269,1,
84,2.8,388,334,60,846,0.3877068557919622,0.32363636363636367,3.374154380857269,1,
85,2.8333333333333335,413,332,62,844,0.4158767772511848,0.3103030303030303,2.6699063443767033,1,
86,2.8666666666666667,413,332,62,844,0.4158767772511848,0.3103030303030303,2.6699063443767033,1,
87,2.9,413,332,62,844,0.4158767772511848,0.3103030303030303,2.6699063443767033,1,
88,2.933333333333333,432,331,68,837,0.4348864994026284,0.31272727272727274,2.1946632905906136,1,
89,2.966666666666667,432,331,68,837,0.4348864994026284,0.31272727272727274,2.1946632905906136,1,
90,3.0,451,331,74,830,0.4542168674698795,0.29939393939393943,1.7114040889093365,1,
91,3.033333333333333,451,331,74,830,0.4542168674698795,0.29939393939393943,1.7114040889093365,1,
92,3.066666666666667,466,332,73,831,0.4729241877256318,0.29696969696969705,1.2437210825155296,1,
93,3.1,466,332,73,831,0.4729241877256318,0.29696969696969705,1.2437210825155296,1,
94,3.1333333333333333,466,332,73,831,0.4729241877256318,0.29696969696969705,1.2437210825155296,1,
95,3.1666666666666665,474,331,72,832,0.4831730769230769,0.3054545454545455,0.9874988525794006,1,
96,3.2,474,331,72,832,0.4831730769230769,0.3054545454545455,0.9874988525794006,1,
97,3.2333333333333334,474,331,72,832,0.4831730769230769,0.3054545454545455,0.9874988525794006,1,
98,3.2666666666666666,474,331,72,832,0.4831730769230769,0.3054545454545455,0.9874988525794006,1,
99,3.3,475,331,72,832,0.484375,0.2981818181818182,0.9574507756563239,1,
100,3.3333333333333335,475,331,72,832,0.484375,0.2981818181818182,0.9574507756563239,1,
101,3.3666666666666667,475,331,72,832,0.484375,0.2872727272727273,0.9574507756563239,1,
102,3.4,475,331,72,832,0.484375,0.2981818181818182,0.9574507756563239,1,
103,3.433333333333333,476,332,72,832,0.4855769230769231,0.3006060606060606,0.9274026987332471,1,
104,3.466666666666667,471,331,69,835,0.481437125748503,0.2933333333333334,1.0308976319437488,1,
105,3.5,471,331,69,835,0.481437125748503,0.2933333333333334,1.0308976319437488,1,
106,3.533333333333333,471,331,69,835,0.481437125748503,0.2933333333333334,1.0308976319437488,1,
107,3.566666666666667,465,331,67,837,0.4755077658303465,0.3054545454545455,1.1791316298976617,1,
108,3.6,465,331,67,837,0.4755077658303465,0.3054545454545455,1.1791316298976617,1,
109,3.6333333333333333,465,331,67,837,0.4755077658303465,0.3054545454545455,1.1791316298976617,1,
110,3.6666666666666665,457,333,66,838,0.4665871121718377,0.3127272727272728,1.4021479713603817,1,
111,3.7,457,333,66,838,0.4665871121718377,0.3127272727272728,1.4021479713603817,1,
112,3.7333333333333334,457,333,66,838,0.4665871121718377,0.3127272727272728,1.4021479713603817,1,
113,3.7666666666666666,451,333,66,838,0.4594272076372315,0.32363636363636367,1.5811455847255365,1,
114,3.8,451,333,66,838,0.4594272076372315,0.32363636363636367,1.5811455847255365,1,
115,3.8333333333333335,451,333,66,838,0.4594272076372315,0.32363636363636367,1.5811455847255365,1,
116,3.8666666666666667,443,333,66,838,0.4498806682577566,0.32242424242424245,1.8198090692124094,1,
117,3.9,443,333,66,838,0.4498806682577566,0.32242424242424245,1.8198090692124094,1,
118,3.933333333333333,443,333,66,838,0.4498806682577566,0.32242424242424245,1.8198090692124094,1,
119,3.966666666666667,437,334,65,839,0.4433849821215733,0.31030303030303036,1.9822012226169916,1,
120,4.0,437,334,65,839,0.4433849821215733,0.31030303030303036,1.9822012226169916,1,
121,4.033333333333333,437,334,65,839,0.4433849821215733,0.31030303030303036,1.9822012226169916,1,
122,4.066666666666666,437,334,65,839,0.4433849821215733,0.31030303030303036,1.9822012226169916,1,
123,4.1,437,334,65,839,0.4433849821215733,0.31030303030303036,1.9822012226169916,1,
124,4.133333333333334,435,333,64,840,0.44166666666666665,0.31030303030303036,2.0251591089896577,1,
125,4.166666666666667,435,333,64,840,0.44166666666666665,0.31030303030303036,2.0251591089896577,1,
126,4.2,435,333,64,840,0.44166666666666665,0.31030303030303036,2.0251591089896577,1,
127,4.233333333333333,433,333,64,840,0.4392857142857143,0.3163636363636364,2.084682918513467,1,
128,4.266666666666667,433,333,64,840,0.4392857142857143,0.3163636363636364,2.084682918513467,1,
129,4.3,433,335,63,841,0.4399524375743163,0.31878787878787884,2.0680148362984165,1,
130,4.333333333333333,433,335,63,841,0.4399524375743163,0.31878787878787884,2.0680148362984165,1,
131,4.366666666666666,433,335,63,841,0.4399524375743163,0.31878787878787884,2.0680148362984165,1,
132,4.4,433,335,63,841,0.4399524375743163,0.31878787878787884,2.0680148362984165,1,
133,4.433333333333334,435,331,63,841,0.4423305588585018,0.3248484848484849,2.0085618041937785,1,
134,4.466666666666667,435,331,63,841,0.4423305588585018,0.3248484848484849,2.0085618041937785,1,
135,4.5,435,331,63,841,0.4423305588585018,0.32242424242424245,2.0085618041937785,1,
136,4.533333333333333,435,332,63,841,0.4423305588585018,0.3430303030303031,2.0085618041937785,1,
137,4.566666666666666,435,332,63,841,0.4423305588585018,0.3430303030303031,2.0085618041937785,1,
138,4.6,435,332,63,841,0.4423305588585018,0.3430303030303031,2.0085618041937785,1,
139,4.633333333333334,562,335,61,843,0.594306049822064,0.32,-1.7908254698952768,0,shadow mistaken for ball; manually rejected
140,4.666666666666667,562,335,61,843,0.594306049822064,0.32,-1.7908254698952768,0,shadow mistaken for ball; manually rejected
141,4.7,562,336,61,843,0.594306049822064,0.32,-1.7908254698952768,0,shadow mistaken for ball; manually rejected
142,4.733333333333333,441,332,60,845,0.450887573964497,0.30787878787878786,1.7946364265438983,1,
143,4.766666666666667,441,332,60,845,0.450887573964497,0.30787878787878786,1.7946364265438983,1,
144,4.8,441,332,60,845,0.450887573964497,0.30787878787878786,1.7946364265438983,1,
145,4.833333333333333,449,332,60,845,0.4603550295857988,0.36121212121212126,1.5579500360113532,1,
146,4.866666666666666,449,332,60,845,0.4603550295857988,0.36121212121212126,1.5579500360113532,1,
147,4.9,449,332,60,845,0.4603550295857988,0.36121212121212126,1.5579500360113532,1,
148,4.933333333333334,459,331,65,839,0.4696066746126341,0.3333333333333333,1.3266589103404711,1,
149,4.966666666666667,459,331,65,839,0.4696066746126341,0.3333333333333333,1.3266589103404711,1,
150,5.0,459,331,65,839,0.4696066746126341,0.3333333333333333,1.3266589103404711,1,
151,5.033333333333333,487,331,65,839,0.5029797377830751,0.3212121212121212,0.4923323310794453,1,
152,5.066666666666666,487,332,65,839,0.5029797377830751,0.3212121212121212,0.4923323310794453,1,
153,5.1,487,331,65,839,0.5029797377830751,0.3212121212121212,0.4923323310794453,1,
154,5.133333333333334,483,320,71,833,0.49459783913565425,0.2739393939393939,0.7018797972649676,1,
155,5.166666666666667,483,320,71,833,0.49459783913565425,0.2739393939393939,0.7018797972649676,1,
156,5.2,483,320,71,833,0.49459783913565425,0.2739393939393939,0.7018797972649676,1,
157,5.233333333333333,502,332,72,832,0.5168269230769231,0.3151515151515151,0.14615269873324566,1,
158,5.266666666666667,502,332,72,832,0.5168269230769231,0.3151515151515151,0.14615269873324566,1,
159,5.3,502,332,72,832,0.5168269230769231,0.3151515151515151,0.14615269873324566,1,
160,5.333333333333333,487,331,72,832,0.4987980769230769,0.32242424242424245,0.5968738525794006,1,
161,5.366666666666666,487,331,72,832,0.4987980769230769,0.32242424242424245,0.5968738525794006,1,
162,5.4,483,333,72,832,0.49399038461538464,0.31030303030303036,0.7170661602717079,1,
163,5.433333333333334,483,333,72,832,0.49399038461538464,0.31030303030303036,0.7170661602717079,1,
164,5.466666666666667,483,333,72,832,0.49399038461538464,0.31030303030303036,0.7170661602717079,1,
165,5.5,474,333,70,834,0.4844124700239808,0.30666666666666664,0.9565140250568038,1,
166,5.533333333333333,474,333,70,834,0.4844124700239808,0.30666666666666664,0.9565140250568038,1,
167,5.566666666666666,474,333,70,834,0.4844124700239808,0.30666666666666664,0.9565140250568038,1,
168,5.6,474,333,70,834,0.4844124700239808,0.30666666666666664,0.9565140250568038,1,
169,5.633333333333334,465,332,67,837,0.4755077658303465,0.330909090909091,1.1791316298976617,1,
170,5.666666666666667,465,332,67,837,0.4755077658303465,0.330909090909091,1.1791316298976617,1,
171,5.7,465,332,67,837,0.4755077658303465,0.330909090909091,1.1791316298976617,1,
172,5.733333333333333,455,333,66,838,0.46420047732696895,0.34181818181818185,1.4618138424821001,1,
173,5.766666666666667,455,333,66,838,0.46420047732696895,0.34181818181818185,1.4618138424821001,1,
174,5.8,455,333,66,838,0.46420047732696895,0.34181818181818185,1.4618138424821001,1,
175,5.833333333333333,458,320,66,838,0.4677804295942721,0.22909090909090912,1.372315035799522,1,
176,5.866666666666666,458,320,66,838,0.4677804295942721,0.22909090909090912,1.372315035799522,1,
177,5.9,458,320,66,838,0.4677804295942721,0.22909090909090912,1.372315035799522,1,
178,5.933333333333334,436,331,66,838,0.441527446300716,0.33212121212121215,2.028639618138424,1,
179,5.966666666666667,436,331,66,838,0.441527446300716,0.33212121212121215,2.028639618138424,1,
180,6.0,435,331,66,838,0.4403341288782816,0.3563636363636364,2.058472553699284,1,
181,6.033333333333333,431,334,65,839,0.4362336114421931,0.3903030303030303,2.160985489601497,1,
182,6.066666666666666,431,334,65,839,0.4362336114421931,0.3903030303030303,2.160985489601497,1,
183,6.1,431,334,65,839,0.4362336114421931,0.3903030303030303,2.160985489601497,1,
184,6.133333333333334,426,335,64,840,0.430952380952381,0.37333333333333335,2.2930162518467996,1,
185,6.166666666666667,426,335,64,840,0.430952380952381,0.37333333333333335,2.2930162518467996,1,
186,6.2,421,335,64,840,0.425,0.37818181818181823,2.441825775656324,1,
187,6.233333333333333,421,335,64,840,0.425,0.376969696969697,2.441825775656324,1,
188,6.266666666666667,421,335,64,840,0.425,0.37333333333333335,2.441825775656324,1,
189,6.3,419,334,64,840,0.4226190476190476,0.3915151515151516,2.5013495851801335,1,
190,6.333333333333333,419,334,64,840,0.4226190476190476,0.3915151515151516,2.5013495851801335,1,
191,6.366666666666666,419,334,64,840,0.4226190476190476,0.3915151515151516,2.5013495851801335,1,
192,6.4,419,334,64,840,0.4226190476190476,0.3915151515151516,2.5013495851801335,1,
193,6.433333333333334,422,336,63,841,0.4268727705112961,0.35515151515151516,2.395006512873922,1,
194,6.466666666666667,422,336,63,841,0.4268727705112961,0.35515151515151516,2.395006512873922,1,
195,6.5,426,332,63,841,0.43162901307966706,0.3757575757575758,2.2761004486646472,1,
196,6.533333333333333,426,332,63,841,0.43162901307966706,0.3757575757575758,2.2761004486646472,1,
197,6.566666666666666,426,332,63,841,0.43162901307966706,0.3757575757575758,2.2761004486646472,1,
198,6.6,433,338,62,842,0.44061757719714967,0.3709090909090909,2.051386345727582,1,
199,6.633333333333334,433,338,62,842,0.44061757719714967,0.3563636363636364,2.051386345727582,1,
200,6.666666666666667,433,337,62,842,0.44061757719714967,0.37333333333333335,2.051386345727582,1,
201,6.7,445,330,61,843,0.4555160142348754,0.3660606060606061,1.6789254197844383,1,
202,6.733333333333333,445,330,61,843,0.4555160142348754,0.3660606060606061,1.6789254197844383,1,
203,6.766666666666667,445,330,61,843,0.4555160142348754,0.3660606060606061,1.6789254197844383,1,
204,6.8,445,330,61,843,0.4555160142348754,0.3660606060606061,1.6789254197844383,1,
205,6.833333333333333,457,332,66,838,0.4665871121718377,0.336969696969697,1.4021479713603817,1,
206,6.866666666666666,457,332,66,838,0.4665871121718377,0.336969696969697,1.4021479713603817,1,
207,6.9,457,332,66,838,0.4665871121718377,0.3381818181818182,1.4021479713603817,1,
208,6.933333333333334,469,333,72,832,0.47716346153846156,0.2957575757575757,1.1377392371947848,1,
209,6.966666666666667,469,333,72,832,0.47716346153846156,0.2957575757575757,1.1377392371947848,1,
210,7.0,476,333,73,831,0.48495788206979545,0.2993939393939394,0.9428787239114376,1,
211,7.033333333333333,476,333,73,831,0.48495788206979545,0.2993939393939394,0.9428787239114376,1,
212,7.066666666666666,476,333,73,831,0.48495788206979545,0.2993939393939394,0.9428787239114376,1,
213,7.1,479,333,73,831,0.48856799037304455,0.3442424242424243,0.8526260163302102,1,
214,7.133333333333334,479,333,73,831,0.48856799037304455,0.3442424242424243,0.8526260163302102,1,
215,7.166666666666667,479,333,73,831,0.48856799037304455,0.3442424242424243,0.8526260163302102,1,
216,7.2,479,333,73,831,0.48856799037304455,0.3442424242424243,0.8526260163302102,1,
217,7.233333333333333,479,335,72,832,0.4891826923076923,0.34545454545454546,0.8372584679640166,1,
218,7.266666666666667,479,335,72,832,0.4891826923076923,0.34545454545454546,0.8372584679640166,1,
219,7.3,479,335,72,832,0.4891826923076923,0.34545454545454546,0.8372584679640166,1,
220,7.333333333333333,470,333,69,835,0.4802395209580838,0.3212121212121212,1.0608377517042287,1,
221,7.366666666666666,470,333,69,835,0.4802395209580838,0.3212121212121212,1.0608377517042287,1,
222,7.4,465,334,68,836,0.4748803827751196,0.2993939393939394,1.1948162062783332,1,
223,7.433333333333334,465,334,68,836,0.4748803827751196,0.2993939393939394,1.1948162062783332,1,
224,7.466666666666667,465,334,68,836,0.4748803827751196,0.2993939393939394,1.1948162062783332,1,
225,7.5,465,334,68,836,0.4748803827751196,0.2993939393939394,1.1948162062783332,1,
226,7.533333333333333,465,334,68,836,0.4748803827751196,0.2993939393939394,1.1948162062783332,1,
227,7.566666666666666,465,334,66,838,0.47613365155131265,0.2921212121212121,1.1634844868735075,1,
228,7.6,465,334,66,838,0.47613365155131265,0.2921212121212121,1.1634844868735075,1,
229,7.633333333333334,473,335,65,839,0.4862932061978546,0.3078787878787879,0.9094956207099589,1,
230,7.666666666666667,473,335,65,839,0.4862932061978546,0.3078787878787879,0.9094956207099589,1,
231,7.7,473,335,65,839,0.4862932061978546,0.3078787878787879,0.9094956207099589,1,
232,7.733333333333333,491,335,63,841,0.5089179548156956,0.3321212121212121,0.34387690526393455,1,
233,7.766666666666667,491,335,63,841,0.5089179548156956,0.3321212121212121,0.34387690526393455,1,
234,7.8,536,335,68,836,0.5598086124401914,0.3563636363636363,-0.9283895353484617,1,
235,7.833333333333333,537,335,68,836,0.5610047846889952,0.343030303030303,-0.9582938415685555,1,
236,7.866666666666666,537,335,68,836,0.5610047846889952,0.3333333333333333,-0.9582938415685555,1,
237,7.9,576,335,72,832,0.6057692307692307,0.3236363636363636,-2.0774049935744445,1,
238,7.933333333333334,576,335,72,832,0.6057692307692307,0.3236363636363636,-2.0774049935744445,1,
239,7.966666666666667,576,335,72,832,0.6057692307692307,0.3236363636363636,-2.0774049935744445,1,
240,8.0,621,334,72,832,0.6598557692307693,0.336969696969697,-3.429568455112908,1,
241,8.033333333333333,621,334,72,832,0.6598557692307693,0.336969696969697,-3.429568455112908,1,
242,8.066666666666666,621,334,72,832,0.6598557692307693,0.336969696969697,-3.429568455112908,1,
243,8.1,621,334,72,832,0.6598557692307693,0.336969696969697,-3.429568455112908,1,
244,8.133333333333333,621,334,72,832,0.6598557692307693,0.336969696969697,-3.429568455112908,1,
245,8.166666666666666,659,335,72,832,0.7055288461538461,0.3151515151515151,-4.5713953781898296,1,
246,8.2,687,335,69,835,0.7401197604790419,0.3866666666666667,-5.436168236319724,1,
247,8.233333333333333,687,335,69,835,0.7401197604790419,0.3866666666666667,-5.436168236319724,1,
248,8.266666666666667,687,335,69,835,0.7401197604790419,0.3866666666666667,-5.436168236319724,1,
249,8.3,701,335,66,838,0.7577565632458234,0.34181818181818185,-5.877088305489261,1,
250,8.333333333333334,701,335,66,838,0.7577565632458234,0.34181818181818185,-5.877088305489261,1,
251,8.366666666666667,701,335,66,838,0.7577565632458234,0.34181818181818185,-5.877088305489261,1,
252,8.4,711,335,66,838,0.7696897374701671,0.32363636363636367,-6.175417661097854,1,
253,8.433333333333334,711,335,66,838,0.7696897374701671,0.32363636363636367,-6.175417661097854,1,
254,8.466666666666667,711,335,66,838,0.7696897374701671,0.32363636363636367,-6.175417661097854,1,
255,8.5,717,335,69,835,0.7760479041916167,0.3296969696969697,-6.334371829134095,1,
256,8.533333333333333,717,335,69,835,0.7760479041916167,0.3296969696969697,-6.334371829134095,1,
257,8.566666666666666,717,335,69,835,0.7760479041916167,0.3296969696969697,-6.334371829134095,1,
258,8.6,723,335,72,832,0.7824519230769231,0.33696969696969703,-6.494472301266755,1,
259,8.633333333333333,719,335,72,832,0.7776442307692307,0.343030303030303,-6.3742799935744445,1,
260,8.666666666666666,719,335,72,832,0.7776442307692307,0.33939393939393936,-6.3742799935744445,1,
261,8.7,711,335,72,832,0.7680288461538461,0.3260606060606061,-6.1338953781898296,1,
262,8.733333333333333,711,335,72,832,0.7680288461538461,0.3260606060606061,-6.1338953781898296,1,
263,8.766666666666667,711,335,72,832,0.7680288461538461,0.3260606060606061,-6.1338953781898296,1,
264,8.8,694,335,72,832,0.7475961538461539,0.29939393939393943,-5.623078070497522,1,
265,8.833333333333334,694,335,72,832,0.7475961538461539,0.29939393939393943,-5.623078070497522,1,
266,8.866666666666667,694,335,72,832,0.7475961538461539,0.29939393939393943,-5.623078070497522,1,
267,8.9,686,335,72,832,0.7379807692307693,0.32727272727272727,-5.382693455112908,1,
268,8.933333333333334,686,335,72,832,0.7379807692307693,0.32727272727272727,-5.382693455112908,1,
269,8.966666666666667,686,335,72,832,0.7379807692307693,0.32727272727272727,-5.382693455112908,1,
270,9.0,655,334,72,832,0.7007211538461539,0.3587878787878788,-4.451203070497522,1,
271,9.033333333333333,655,334,72,832,0.7007211538461539,0.3587878787878788,-4.451203070497522,1,
272,9.066666666666666,655,334,72,832,0.7007211538461539,0.3587878787878788,-4.451203070497522,1,
273,9.1,619,334,72,832,0.6574519230769231,0.3066666666666667,-3.3694723012667542,1,
274,9.133333333333333,619,334,72,832,0.6574519230769231,0.3066666666666667,-3.3694723012667542,1,
275,9.166666666666666,619,334,72,832,0.6574519230769231,0.3066666666666667,-3.3694723012667542,1,
276,9.2,586,334,69,835,0.6191616766467066,0.35393939393939394,-2.412216140511342,1,
277,9.233333333333333,586,334,69,835,0.6191616766467066,0.35393939393939394,-2.412216140511342,1,
278,9.266666666666667,586,334,69,835,0.6191616766467066,0.35393939393939394,-2.412216140511342,1,
279,9.3,540,334,66,838,0.5656324582338902,0.31757575757575757,-1.0739856801909309,1,
280,9.333333333333334,540,334,66,838,0.5656324582338902,0.31757575757575757,-1.0739856801909309,1,
281,9.366666666666667,540,334,66,838,0.5656324582338902,0.31757575757575757,-1.0739856801909309,1,
282,9.4,495,335,66,838,0.5119331742243437,0.3078787878787879,0.26849642004773133,1,
283,9.433333333333334,495,335,66,838,0.5119331742243437,0.3078787878787879,0.26849642004773133,1,
284,9.466666666666667,495,335,66,838,0.5119331742243437,0.3078787878787879,0.26849642004773133,1,
285,9.5,435,335,64,841,0.441141498216409,0.3103030303030303,2.038288320246098,1,
286,9.533333333333333,435,335,64,841,0.441141498216409,0.3103030303030303,2.038288320246098,1,
287,9.566666666666666,435,335,64,840,0.44166666666666665,0.3103030303030303,2.0251591089896577,1,
288,9.6,389,334,64,840,0.3869047619047619,0.3090909090909091,3.394206728037276,1,
289,9.633333333333333,389,334,64,840,0.3869047619047619,0.3090909090909091,3.394206728037276,1,
290,9.666666666666666,389,334,64,840,0.3869047619047619,0.3090909090909091,3.394206728037276,1,
291,9.7,349,334,64,840,0.3392857142857143,0.3212121212121212,4.584682918513466,1,
292,9.733333333333333,349,334,64,840,0.3392857142857143,0.3212121212121212,4.584682918513466,1,
293,9.766666666666667,349,334,64,840,0.3392857142857143,0.3212121212121212,4.584682918513466,1,
294,9.8,315,334,63,841,0.29964328180737215,0.36606060606060603,5.57574373047202,1,
295,9.833333333333334,315,334,63,841,0.29964328180737215,0.36606060606060603,5.57574373047202,1,
296,9.866666666666667,315,334,63,841,0.29964328180737215,0.36606060606060603,5.57574373047202,1,
297,9.9,281,334,63,841,0.25921521997621877,0.3503030303030303,6.5864452762508545,1,
298,9.933333333333334,281,334,63,841,0.25921521997621877,0.3503030303030303,6.5864452762508545,1,
299,9.966666666666667,281,334,63,841,0.25921521997621877,0.3503030303030303,6.5864452762508545,1,
300,10.0,257,334,63,842,0.23040380047505937,0.35757575757575766,7.306730763779839,1,
301,10.033333333333333,257,334,63,842,0.23040380047505937,0.35757575757575766,7.306730763779839,1,
302,10.066666666666666,257,334,63,842,0.23040380047505937,0.35757575757575766,7.306730763779839,1,
303,10.1,257,334,63,842,0.23040380047505937,0.35757575757575766,7.306730763779839,1,
304,10.133333333333333,239,334,63,842,0.20902612826603326,0.3733333333333334,7.841172569005492,1,
305,10.166666666666666,239,334,63,842,0.20902612826603326,0.3733333333333334,7.841172569005492,1,
